101, Hydrating Moisturizer, Moisturizers, 48.00, 25
102, Soothing Moisturizer, Moisturizers, 48.00, 22
103, Enriched Body Lotion, Moisturizers, 55.00, 11
104, Clear Quartz Luminizer, Moisturizers, 28.00, 17
105, Amethyst Luminizer, Moisturizers, 28.00, 42
106, Noni Glow Face Oil, Oils, 68.00, 29
107, Noni Radiant Eye Oil, Oils, 58.00, 14
108, Body Exfoliator, Exfoliators, 40.00, 35
109, Noni Glow Sleeping Mask, Masks, 48.00, 61
110, Turmeric Brightening Mask, Masks, 48.00, 55
111, Heart Chakra Aromatherapy Oil, Aromatherapy, 48.00, 46
112, Calming Lavender Mist, Aromatherapy, 34.00, 41
113, Energizing Citrus Mist, Aromatherapy, 34.00, 27
114, Refresh & Replenish Collection, Aromatherapy, 25.00, 40